﻿<?xml version="1.0" encoding="utf-8"?>
<?xml-stylesheet type="text/xsl" href="c:\program files (x86)\microsoft visual studio 9.0\team tools\static analysis tools\fxcop\Xml\CodeAnalysisReport.xsl"?>
<FxCopReport Version="1.36">
 <Localized>
  <String Key="Category">Catégorie</String>
  <String Key="Certainty">Certitude</String>
  <String Key="CollapseAll">Réduire tout</String>
  <String Key="CheckId">ID de contrôle</String>
  <String Key="Error">Erreur</String>
  <String Key="Errors">erreur(s)</String>
  <String Key="ExpandAll">Développer tout</String>
  <String Key="Help">Aide</String>
  <String Key="Line">Ligne</String>
  <String Key="Messages">message(s)</String>
  <String Key="LocationNotStoredInPdb">[Emplacement non stocké dans le fichier Pdb]</String>
  <String Key="Project">Projet</String>
  <String Key="Resolution">Résolution</String>
  <String Key="Rule">Règle</String>
  <String Key="RuleFile">Fichier de règles</String>
  <String Key="RuleDescription">Description de la règle</String>
  <String Key="Source">Source</String>
  <String Key="Status">État</String>
  <String Key="Target">Cible</String>
  <String Key="Warning">Avertissement</String>
  <String Key="Warnings">avertissement(s)</String>
  <String Key="ReportTitle">Rapport d'analyse du code</String>
 </Localized>
</FxCopReport>
